{"P2P_EXPRESS":[[-79.04388006852989,35.90337385793685],[-79.04064160413033,35.90058343157496],[-79.04315773390898,35.90042259311716],[-79.0439189435939,35.90127751768585],[-79.04550493143637,35.9019162951523],[-79.0466329071957,35.90347443786602],[-79.04417811808729,35.904115113436944],[-79.04453621173634,35.90693440488656],[-79.04698250497053,35.908309477975244],[-79.04750477299666,35.90966754902179],[-79.04670012884985,35.911035513912395],[-79.04738933929644,35.91248882838895],[-79.0486875062208,35.91478618478631],[-79.05064317485207,35.91520288295803],[-79.05277868265114,35.9143991363535],[-79.05492677418108,35.913585857732784],[-79.05624829745744,35.91166084749081],[-79.05481703842177,35.90891020128056],[-79.05425436054487,35.908277423793606],[-79.04906471285007,35.90900124698134],[-79.0469851400408,35.908145079380006],[-79.04450189656242,35.9065077555351],[-79.04388006852989,35.90337385793685]],"BAITY_HILL":[[-79.04388006852989,35.90337385793685],[-79.04245671449672,35.89781800775476],[-79.04370377508533,35.89769188168773],[-79.04582410216587,35.89783775308973],[-79.05013453702671,35.899128143286454],[-79.05476679712706,35.902278598505646],[-79.05328358345422,35.90551390978456],[-79.05322024744142,35.90928737000317],[-79.05623781887527,35.911079629672166],[-79.05413567269116,35.913674998698625],[-79.04875815027137,35.91468514059627],[-79.0478389489533,35.90975049380575],[-79.05487993043617,35.90689040606373],[-79.05432069560172,35.902108974392156],[-79.0466329071957,35.90347443786602],[-79.04388006852989,35.90337385793685]]}
